# 数据库-后盾人

- select * from stu;
  - *：查询stu表的所有表项（行）的所有列
- select  class_id from stu;
  - class_id ：只查询stu表的所有表项（行）的class_id列

## 1.简单命令-数据库

- 创建数据库

  - ```
    mysql> create database shop charset utf8;
    //charset utf8是选定编码方式
    ```

- 查看创建的数据库

  - ```
    mysql> show databases;
    +--------------------+
    | Database           |
    +--------------------+
    | information_schema |
    | mysql              |
    | performance_schema |
    | shop               |  //这是刚才创建的shop数据库
    | sys                |
    | yourdb             |
    +--------------------+
    6 rows in set (0.00 sec)
    
    mysql>
    ```

- 使用某个数据库

  - ```
    mysql> use shop;
    Database changed
    mysql>
    ```

- 删除某个数据库

  - ```
    mysql> drop database shop;
    Query OK, 0 rows affected (0.01 sec)
    mysql>
    ```

  - 或者加个判断

    - ```
      mysql> drop database if exists shop;
      ```

- 查看创建的数据库的结构

  - ```
    mysql> show create database shop;
    +----------+---------------------------------------------------------------+
    | Database | Create Database                                               |
    +----------+---------------------------------------------------------------+
    | shop     | CREATE DATABASE `shop` /*!40100 DEFAULT CHARACTER SET utf8 */ |
    +----------+---------------------------------------------------------------+
    1 row in set (0.00 sec)
    
    mysql>
    ```

## 2.简单命令-表

- 创建一个表

  - ```
    CREATE TABLE class(id int primary key auto_increment,cname varchar(30) not null,description varchar(100) null) charset utf8;
    ```

  - 字段 id ：为主键自增

    - primary key是主键，让我们的id值有个索引。这样的话我们查找id=1，id=2的时候速度会比较快。
    - auto_increment是自增，主键不用我们手动维护，它会自动增加。

  - 字段 cname 为字符串类型varchar 并不允许为 null

  - 字段 description 为可为null 字符串

  - 字符集为 utf8 ，如果不设置将继承数据库字符集

- 查看表

  - ```
    mysql> desc class;
    +-------------+--------------+------+-----+---------+----------------+
    | Field       | Type         | Null | Key | Default | Extra          |
    +-------------+--------------+------+-----+---------+----------------+
    | id          | int(11)      | NO   | PRI | NULL    | auto_increment |
    | cname       | varchar(30)  | NO   |     | NULL    |                |
    | description | varchar(100) | YES  |     | NULL    |                |
    +-------------+--------------+------+-----+---------+----------------+
    3 rows in set (0.00 sec)
    
    mysql>
    ```

- 向表里添加测试数据

  - 方法1

    - ```
      INSERT into class set cname ='PHP',description ='学习 PHP 开发网站';
      ```

  - 方法2

    - ```
      INSERT into class (cname,description) values('linux','服务器知识'),('mysql','数据库学习'),('C++',null);
      ```

- 查看表数据

  - ```
    select * from class;
    ```

  - ![image-20210228150153425](http://pichost.yangyadong.site/img/image-20210228150153425.png)

## 3.已经有一个表了，从一个表快速构建另一个表

- ```
  CREATE table test like class;//根据已经存在的表结构创建新表
  insert into test select * from class;//复制class表的所有数据到test表中
  insert into test (cname) select cname from class;//只复制批定字段
  
  CREATE table a select * from class;//创建表时同时复制数据
  
  CREATE table b (id int primary key auto_increment,cname varchar(30)) select cname FROM class;//只复制指定字段
  
  CREATE table c (id int primary key auto_increment,name varchar(30)) select cname as name FROM class;//只复制指定字段，并起别名
  ```

## 4.查询基本操作

- 从class表中，查询所有字段

  - ```
    SELECT * from class;
    ```

  - ![image-20210228153331459](http://pichost.yangyadong.site/img/image-20210228153331459.png)

- 从class表中，查询特定字段

  - ```
    SELECT cname,id FROM class;
    ```

  - ![image-20210228153519806](http://pichost.yangyadong.site/img/image-20210228153519806.png)

- 从class表中，查询特定字段，并为该字段起别名

  - ```
    SELECT cname,id as iddd FROM class;
    ```

  - ![image-20210228153721734](http://pichost.yangyadong.site/img/image-20210228153721734.png)

- 根据条件的查询

  - ```
    SELECT * FROM class where id>2;//筛选出id>2的
    ```

    - ![image-20210228154018543](http://pichost.yangyadong.site/img/image-20210228154018543.png)

  - ```
    SELECT * FROM class where cname='PHP';//筛选出cname是php的
    ```

    - ![image-20210228154136590](http://pichost.yangyadong.site/img/image-20210228154136590.png)

  - ```
    SELECT * from class where description like '%学习%'; //查找出description字段中包含学习字段的数据
    ```

    - ![image-20210228154456223](http://pichost.yangyadong.site/img/image-20210228154456223.png)

  - ```
    SELECT * from class where description like '%学习%' and id>2; //查找出description字段中包含学习字段的，并且id>2的数据
    ```

    - ![image-20210228154543087](http://pichost.yangyadong.site/img/image-20210228154543087.png)

  - ```
    SELECT * from class where description not like '%学习%' and id>2;////查找出description字段中不包含学习字段的，并且id>2的数据
    ```

    - ![image-20210228154713550](http://pichost.yangyadong.site/img/image-20210228154713550.png)

- 使用连接函数的查询

  - ```
    SELECT CONCAT(cname,description) as class_info FROM class;
    ```

  - ![image-20210228154939326](http://pichost.yangyadong.site/img/image-20210228154939326.png)

## 5.查询进阶（DISTINCT、BETWEEN、like等）

- 关键字
  - distinct：去掉重复的
  - BETWEEN a and b：a到b之间
  - in (2,3)：2到3之间[2,3]
  - and、or
  - like：包含..

- 已知stu表

  - ![image-20210228164748558](http://pichost.yangyadong.site/img/image-20210228164748558.png)

- 查询所有的class_id

  - ```
    SELECT class_id from stu;
    ```

  - ![image-20210228164948740](http://pichost.yangyadong.site/img/image-20210228164948740.png)

  - 有重复项

- 查询所有的class_id，**去掉重复项**

  - ```
    SELECT DISTINCT class_id FROM stu;
    ```

  - ![image-20210228165046380](http://pichost.yangyadong.site/img/image-20210228165046380.png)

- 查询20~40岁之间的同学

  - ```
    SELECT * FROM stu where age >=20 and age <=40;
    ```

  - 或者是

  - ```
    SELECT * FROM stu where age BETWEEN 20 and 40;
    ```

- 查询不在20~40岁之间的同学

  - ```
    SELECT * FROM stu where age not BETWEEN 20 and 40;
    ```

- 查询在2班到3班的同学

  - ```
    SELECT * FROM stu where class_id =2 or class_id =3;
    ```

  - 或者是

  - ```
    SELECT * FROM stu where class_id in (2,3);
    ```

## 6.mysql对null值的处理技巧

- 已知stu表

  - ![image-20210228164748558](http://pichost.yangyadong.site/img/image-20210228164748558.png)

- 比如你想查询class_id为null的那些数据

  - ```
    mysql> select * from stu where class_id=null;
    Empty set (0.00 sec)
    
    mysql>
    ```

  - 查询失败。

- 正确写法

  - ```
    select * from stu where class_id is null;
    ```

  - ![image-20210228171339872](http://pichost.yangyadong.site/img/image-20210228171339872.png)

- ifnull函数

  - 如果class_id有值的话，就让它显示那个值。如果没值，就让它显示未分配。

  - ```
    SELECT sname ,if(class_id,class_id,'未分配') FROM stu;
    或者
    SELECT sname,IFNULL(class_id,'未分配') FROM stu;
    ```

  - ![image-20210228171740665](http://pichost.yangyadong.site/img/image-20210228171740665.png)

## 7.排序与数据区间筛选处理技巧

- order by age desc；按照年龄从大到小排序（desc降序）

  - ![image-20210228172014660](http://pichost.yangyadong.site/img/image-20210228172014660.png)

- order by class_id asc；按照班级从小到大排序(asc升序)

  - ![image-20210228172246439](http://pichost.yangyadong.site/img/image-20210228172246439.png)

- 按照班级从小到大排序，同班同学按年龄从小到大升序

  - ![image-20210228172408652](http://pichost.yangyadong.site/img/image-20210228172408652.png)

- 取数据库里最后一个填进去的同学的记录（使用limit关键字）

  - ```
    mysql> select * from stu order by id desc limit 1;
    按照id降序排列，只取1个数据
    ```

  - ![image-20210228172619909](http://pichost.yangyadong.site/img/image-20210228172619909.png)

- limit 0,2和limit 1,2

  - ![image-20210228172919236](http://pichost.yangyadong.site/img/image-20210228172919236.png)

# 简洁

- SQL语句
- 对于单条记录的操作
  - 查询：SELECT
  - 操纵：INSERT（插入记录）、UPDATA（更改记录）、DELETE（删除记录）
- 对于表的操作
  - CREATE（创建表）、DROP（删除表）、ALTER（更改表的属性、更改字段的属性、添加字段）

- 数据库、表、字段（列）
- shop    stu   cname
- 一行就是一条记录。

# 多表

- 1对1：主表和从表
  - 常使用的信息放在主表，不常使用的信息放在从表
- 1对多：
  - 多的一方记录少的。
  - 学生记录班级
- 多对多：
  - 找个中间表。
  - 哪个学生学了哪个课程

## 1.笛卡尔积

多个表的连接将会得到所有可能出现的行，即没有明确做两个表间的关联条件时，所有记录都将符合。

```
SELECT * FROM stu ,class;
```

下面是添加条件后的结果

```
SELECT * FROM stu,class where stu.class_id =class.id ;

SELECT * FROM stu as s,class as c where s.class_id =c.id ;

SELECT s.sname ,c.cname FROM stu as s,class as c where s.class_id =c.id ;
```

## 2.INNER

INNER：所有多表操作都可以简单理解为，把多个表联系成一个表，最终思想成面上当成一个表对待。

使用`INNER JOIN` 使用多表关联的语义更清晰

```
SELECT * FROM stu as s,class as c where s.class_id =c.id ;
与下边这句，完全等价
SELECT * FROM stu as s inner join class as c ON s.class_id =c.id ;
```
# 事务

## 1.事务隔离等级（依次递增）

- 读未提交
  - A事务里改变了信息，未commit，B事务都可以看到改变。
- 不可重复读
  - A事务里改变了信息，commit后，B事务就可以看到改变。
  - 即B事务有可能第一次读，和第二次读读到的内容不一样。即不可重复读，一旦重复读则可能两次读取结果不一致。
- 可重复读
  - 多次读取同一范围的数据会返回第一次查询的快照，即使其他事务对该数据做了更新修改。事务在执行期间看到的数据前后必须是一致的。
- 串行化
  - A事务在执行时，B事务的所有命令将卡住不执行。
  - 在事务A没有提交时，事务B是不能插入数据的（表现形式为等待）。
  - 这在高并发时显然不合适。

## 2.并发问题

- 脏读：
  - 事务B读取了事务A更新的数据，然后A事务回滚操作，那么B读取到的数据是脏数据
- 不可重复读：
  - 事务B多次读取同一数据，事务A在事务B多次读取的过程中，对数据作了更新并提交，导致事务B多次读取同一数据时，结果不一致。
  - 不可重复读指在事务中多次读取的数据出现不一致的情况，我们希望读取的数据在本事务中是一致的。
- 幻读：
  - 系统管理员B将数据库中所有学生的成绩从具体分数改为ABCDE等级，但是系统管理员A就在这个时候插入了一条具体分数的记录，当系统管理员B改结束后发现还有一条记录没有改过来，就好像发生了幻觉一样，这就叫幻读。
- 备注：
  - 不可重复读的和幻读很容易混淆，不可重复读侧重于修改，幻读侧重于新增或删除。解决不可重复读的问题只需锁住满足条件的行，而解决幻读需要锁表。
  - 幻读和不可重复读都是读取了另一条已经提交的事务（这点就脏读不同），所不同的是不可重复读查询的都是同一个数据项，而幻读针对的是一批数据整体。

## 3.联系

![image-20210302094704815](http://pichost.yangyadong.site/img/image-20210302094704815.png)

# 锁

## 1.在事务处理中

- 对于有索引的字段，是行锁
- 对于没有索引的字段，是表锁

能锁的范围越小越好，这样就不会影响到其他用户操作使用。

## 非索引阻塞

使用非索引字段筛选时，将造成全表锁定即表级锁，应该避免这种情况发生，提升数据库的并发性能。

## 2.悲观锁（行锁）

- 悲观锁指对数据被外界修改持保守态度，**在整个数据处理过程中，将数据处于锁定状态**，可以很好地解决并发事务的更新丢失问题。

- 下面演示商城下单情况，要用户购买商品后我们要减少库存，如果在高并发情况下多个用户同时修改库存表，会造成库存数据异常，使用悲观锁可以解决这个问题。

- 1.事务A执行悲观锁操作后，其他事务执行同一代码时将阻塞

  - ```
    BEGIN;
    SELECT * FROM goods WHERE id=1 FOR UPDATE;
    UPDATE goods SET num=num-2 WHERE id=1; 
    ...
    ```

  - 注意：FOR UPDATA就上悲观锁了

- 2.事务B执行以下代码将不能查询库存，必须等事务A提交或回滚事务

  - ```
    BEGIN;
    ## B事务中查询中也要使用 FOR UPDATE 悲观锁
    SELECT * FROM goods WHERE id=1 FOR UPDATE;
    -- 阻塞中...
    ```

- 3.事务A提交后，事务B会得到事务A操作后的结果

  - ```
    ...
    COMMIT;
    ...
    ```

## 3.乐观锁（行锁）

- 在每次去拿数据的时候认为别人不会修改，不对数据上锁，但是**在提交更新的时候会判断在此期间数据是否被更改，如果被更改则提交失败。**

- 下面使用版本字段来实现乐观锁操作，并实现更改商品库存的案例。

- 1.事务A查询商品库存，获取了商品记录，记录中有VERSION字段用于记录版本号（目前为0）

  - ```
    BEGIN;
    SELECT * FROM goods WHERE id = 1;
    ```

  - 注意，这里没有FOR UPDATA，没上悲观锁

- 2.事务B同时查询，也获取了版本号为0的记录

  - ```
    BEGIN;
    SELECT * FROM goods WHERE id = 1;
    ```

- 3.事务A更改库存，并增加版本号

  - ```
    UPDATE goods SET num=num-10,VERSION =VERSION+1 WHERE VERSION=0;
    ```

  - 版本会修改

- 4.事务B更改数据，但使用的是事务B查询到的0号版本，因为事务A已经提交版本号为1，造成事务B修改失败，保证了数据的完整性。

  - ```
    UPDATE goods SET num=num-10,VERSION =VERSION+1 WHERE VERSION=0;
    ```

  - 版本号变了，不是0了，说明已经有人动过这数据了。那这条语句就不会修改数据。

- 悲观锁：

  - 一开始就觉得会肯定会有人跟我同一时间处理同一数据。我处理的时候一上来就给它锁住，不让别人处理。

- 乐观锁：

  - 我觉得不会有人跟我同一时间处理同一数据。我直接处理，并不上锁。只在最后提交时检查一下，有没有人动过这个数据，要是有人动过，那我这次的处理就作废了。要是没有别人比我先处理，那我就处理成功了。

## 4.表锁机制（读写锁）

针对一些不支持事务的处理引擎可以使用锁表的方式控制业务。

### 读锁（表锁）

- 为表设置读锁后，当前会话和其他会话都不可以修改数据，但可以读取表数据。

  - 谁都只能读，我自己会话也只能读。

- 1.会话A对表goods设置了读锁，将不能修改该表，也不能操作其他表。

  - ```
    LOCK TABLE goods READ;
    UPDATE goods SET num=300 WHERE id=1;//失败
    SELECT * FROM stu;
    ```

- 2.因为会话A对表`goods`设置了读锁，所以会话B也不能修改

  - ```
    update goods set num=200 where id=1;
    -- 阻塞
    ```

- 3.会话A解锁表后，其他会话又可以继续操作表了

  - ```
    UNLOCK TABLES;
    ```

### 写锁（表锁）

- 为表设置了写锁后，当前会话可以修改，查询表，其他会话将无法操作。

- 1.会话A对表goods和stu设置写锁，本会话可以正常操作表， 并不能操作其他表

  - ```
    LOCK TABLE goods WRITE，stu WRITE;
    INSERT INTO goods (name,num )VALUES('后盾人教程',300);
    ```

- 2.会话B读取/写入表数据都将阻塞

  - ```
    select * from goods
    ```

- 3.会话A解锁表数据后，其他会话都可以正常操作了

  - ```
    UNLOCK TABLES;
    ```

## 5.总结

- 能用行锁，就不用表锁
- 越能并发越好

# 外键约束（外键关联）

## 1.外键约束

- 一张表发生变化，影响另一张表。不需要程序控制，mysql自动控制。
- 主表的数据的变动，会影响到子表。
- 比如学生和班级表，学生表完全依赖班级表，我们可以通过外键约束让学生表与班级表产生关联，当班级表数据变化时影响学生表，下面大叔带你详细掌握外键约束。
  - 父表和子表储存引擎要一致
  - 使用InnoDB引擎支持外键约束
  - 外键要与主表列（主表关联键）类型一致
  - 外键列使用索引（有些版本的mysql会自动帮助为外键设置索引)
- 哪个表里声明外键，哪个表就是子表
- 主表发生变化的时候，影响子表。

## 2.外键动作（影响方式）

- cascade：

# 备注

```
SHOW VARIABLES LIKE 'validate_password%'; //查看mysql 初始的密码策略
set global validate_password_policy=LOW; //进行设值
set global validate_password_mixed_case_count=0;
set global validate_password_number_count=0;
set global validate_password_special_char_count =0;
set global validate_password_length=3;
```

```
select Host,User,plugin,authentication_string from mysql.user;查看现有的账号密码
```

```
授权其他机器登录：GRANT ALL PRIVILEGES ON *.* TO 'root'@'%' IDENTIFIED BY '123' WITH GRANT OPTION;
修改 root@localhost的密码 update user set authentication_string=password('123') where user='root' and Host='localhost';
刷新权限   FLUSH  PRIVILEGES;
```

```
sudo service mysql restart 
```

注意：切记看看plugin状态对不对，如果不对，要修改plugin为 'mysql_native_password'

# 数据库系统概论速成

## 1.绪论

- 一行就是一条记录
- 每个列标号都叫字段
- 关系：一个关系对应通常说的一张表
- 元组：表中的一行（其实就是一条记录）
- 属性：表中的一列
- 码：也称码键，表中的某个属性组（比如某一列是主键）
- 域：是一组具有相同数据类型的值的集合
- 分量：元组的一个属性（其实就是字段）
- 关系的完整性：
  - 实体完整性：主码（键）唯一且非空
  - 参照完整性：外码（键）要么为空，要么对应另一表的主码
  - 用户定义完整性：你自己写的要完整，比如学号多少，姓名，班级，专业之类

## 2.SQL语言

### 简介

- SQL：结构化查询语言，是一种在数据库管理系统中查询或对数据库里面的数据进行更改的语言
- 数据库管理系统：
  - 关系型：MySQL，ORACLE；非关系型：redis，mongoDB
  - 关系型的放在表里；非关系型的数据库类似文档，放在集合里边。

### SQL数据类型

- SQL数据类型

  - https://www.w3school.com.cn/sql/sql_datatypes.asp

  - 在 MySQL 中，有三种主要的类型：文本、数字和日期/时间类型。

  - Text 类型：

    - | 数据类型         | 描述                                                         |
      | :--------------- | :----------------------------------------------------------- |
      | CHAR(size)       | 保存固定长度的字符串（可包含字母、数字以及特殊字符）。在括号中指定字符串的长度。最多 255 个字符。 |
      | VARCHAR(size)    | 保存可变长度的字符串（可包含字母、数字以及特殊字符）。在括号中指定字符串的最大长度。最多 255 个字符。注释：如果值的长度大于 255，则被转换为 TEXT 类型。 |
      | TINYTEXT         | 存放最大长度为 255 个字符的字符串。                          |
      | TEXT             | 存放最大长度为 65,535 个字符的字符串。                       |
      | BLOB             | 用于 BLOBs (Binary Large OBjects)。存放最多 65,535 字节的数据。 |
      | MEDIUMTEXT       | 存放最大长度为 16,777,215 个字符的字符串。                   |
      | MEDIUMBLOB       | 用于 BLOBs (Binary Large OBjects)。存放最多 16,777,215 字节的数据。 |
      | LONGTEXT         | 存放最大长度为 4,294,967,295 个字符的字符串。                |
      | LONGBLOB         | 用于 BLOBs (Binary Large OBjects)。存放最多 4,294,967,295 字节的数据。 |
      | ENUM(x,y,z,etc.) | 允许你输入可能值的列表。可以在 ENUM 列表中列出最大 65535 个值。如果列表中不存在插入的值，则插入空值。注释：这些值是按照你输入的顺序存储的。可以按照此格式输入可能的值：ENUM('X','Y','Z') |
      | SET              | 与 ENUM 类似，SET 最多只能包含 64 个列表项，不过 SET 可存储一个以上的值。 |

  - Number 类型：

    - | 数据类型        | 描述                                                         |
      | :-------------- | :----------------------------------------------------------- |
      | TINYINT(size)   | -128 到 127 常规。0 到 255 无符号*。在括号中规定最大位数。   |
      | SMALLINT(size)  | -32768 到 32767 常规。0 到 65535 无符号*。在括号中规定最大位数。 |
      | MEDIUMINT(size) | -8388608 到 8388607 普通。0 to 16777215 无符号*。在括号中规定最大位数。 |
      | INT(size)       | -2147483648 到 2147483647 常规。0 到 4294967295 无符号*。在括号中规定最大位数。 |
      | BIGINT(size)    | -9223372036854775808 到 9223372036854775807 常规。0 到 18446744073709551615 无符号*。在括号中规定最大位数。 |
      | FLOAT(size,d)   | 带有浮动小数点的小数字。在括号中规定最大位数。在 d 参数中规定小数点右侧的最大位数。 |
      | DOUBLE(size,d)  | 带有浮动小数点的大数字。在括号中规定最大位数。在 d 参数中规定小数点右侧的最大位数。 |
      | DECIMAL(size,d) | 作为字符串存储的 DOUBLE 类型，允许固定的小数点。             |

    - \* 这些整数类型拥有额外的选项 UNSIGNED。通常，整数可以是负数或正数。如果添加 UNSIGNED 属性，那么范围将从 0 开始，而不是某个负数。

  - Date 类型：

    - | 数据类型    | 描述                                                         |
      | :---------- | :----------------------------------------------------------- |
      | DATE()      | 日期。格式：YYYY-MM-DD注释：支持的范围是从 '1000-01-01' 到 '9999-12-31' |
      | DATETIME()  | *日期和时间的组合。格式：YYYY-MM-DD HH:MM:SS注释：支持的范围是从 '1000-01-01 00:00:00' 到 '9999-12-31 23:59:59' |
      | TIMESTAMP() | *时间戳。TIMESTAMP 值使用 Unix 纪元('1970-01-01 00:00:00' UTC) 至今的描述来存储。格式：YYYY-MM-DD HH:MM:SS注释：支持的范围是从 '1970-01-01 00:00:01' UTC 到 '2038-01-09 03:14:07' UTC |
      | TIME()      | 时间。格式：HH:MM:SS 注释：支持的范围是从 '-838:59:59' 到 '838:59:59' |
      | YEAR()      | 2 位或 4 位格式的年。注释：4 位格式所允许的值：1901 到 2155。2 位格式所允许的值：70 到 69，表示从 1970 到 2069。 |

    - \* 即便 DATETIME 和 TIMESTAMP 返回相同的格式，它们的工作方式很不同。在 INSERT 或 UPDATE 查询中，TIMESTAMP 自动把自身设置为当前的日期和时间。TIMESTAMP 也接受不同的格式，比如 YYYYMMDDHHMMSS、YYMMDDHHMMSS、YYYYMMDD 或 YYMMDD。

### 模式定义

- 模式定义
  - create schema <模式名> authorization <用户名>;
  - 举例：为用户WANG定义一个学生-课程模式 S-T
    - create schema "S-T" authorization WANG;
- 模式定义+视图
  - 视图：就是一个表的查询
  - create schema <模式名> authorization <用户名> [<表定义子句>|<视图定义子句>|<授权定义子句>];
  - 举例：
    - create schema "Learn" authorization yangyaodng create user(id int primary key,age int,name varchar(255));
  - 这个模式就是用来创建一个表的
- 模式删除
  - drop schema <模式名><CASCADE|RESTRICT>;
  - cascade和restrict二选一
  - cascade:级联，删除模式的同时也把该模式的所有数据库对象删除
  - restrict:限制。如果该模式下有下属对象，比如表视图，就拒绝这个删除语句的执行
  - 举例：
    - drop shcema "learn" cascade

### 表的定义、删除和修改

- 表的定义

  - ```
    create table 表名(字段名 类型 字段约束，字段名 类型 字段约束，字段名 类型 字段约束);
    
    //举例
    create table user(name varchar(20),age int,sex char(1))
    ```

- 表的删除

  - drop table<表名> [restrict|cascade]
  - cascde:如果表有外键、视图、触发器的话，也会强行删除，restrict则恰恰相反
  - 举例：删除Student表
    - drop table Student cascade;

- 表的修改

  - alter table <表名> [ADD [column] <新列名><数据类型>[完整性约束]]  [ADD<表级完整性约束>]
  - 举例：向test表中增加“email”列，其数据类型为varchar(255)
    - alter table test add email varchar(255);
  - 举例：将年龄的数据类型由字符型改为整数
    - alter table test modify column age int;

### 索引的建立、修改和删除

- 当数据量大的时候，查询耗时时间长，建立索引可以有效减少消耗时间。

- 索引可以建立在一列或者多列上

- 索引的建立

  - `create [unique] [cluster] index <索引名> on <表名>(<列名>[<次序>][,<列名>[<次序>]]...)`
  - unique：唯一索引。这个索引是唯一确定的。
  - cluseter：聚簇索引，物理顺序与索引的逻辑顺序相同，比如买书时的ABC区，当你看到AB区时，你就知道了C区就是下一个。
  - 举例：
    - create unique index myindex on test(id);

- 索引的修改

  - 在MySQL中并没有提供修改索引的直接指令，一般情况下，我们需要先删除掉原索引，再根据需要创建一个同名的索引，从而变相地实现修改索引操作。

  - ```mysql
    alter table test drop index myindex; //删除旧索引
    create unique index my_index on test(id);//建立新索引
    ```

- 索引的删除

  - alter table test drop index myindex;

### 查询

- 1.查询所有列
  
  - select * from stu;
  
- 查询部分列
  
  - select id,sname from stu;
  
- 2.也可以给查询结果的返回列起个别名
  
  - SELECT id as 序号,sname as 姓名 from stu;
  
- 给表起别名也是同理

  - SELECT s.id as 序号,s.sname as 姓名 from stu as s;

- 3.结果去重

  - select DISTINCT class_id from stu;

- 4.查询结果 加条件（where子句）

  - | **查询条件**                                           | **谓词**                                                 |
    | ------------------------------------------------------ | -------------------------------------------------------- |
    | **比较**                                               | =，<,  >,  >=,  !=,  <>,  !>,  !<;  NOT  +上述比较运算符 |
    | **确定范围**（大于几小于几）                           | between and，not betwee and                              |
    | **确定集合**                                           | in，not in                                               |
    | **字符匹配**（包含什么字符，或者是什么字符开头的等等） | like，not like                                           |
    | **空值**                                               | is null ，is not null（空和0有区别，0代表有数据）        |
    | **多重条件（逻辑运算）**                               | and（并），or（或），not（不是）                         |

  - 举例：

    - select id,sname, class_id  from stu where class_id >=2;
    - select * from stu where class_id >=2;
    - select distinct class_id >=2;
    - select DISTINCT  class_id,sname,id  from stu where class_id >=2;
      - 备注：distinct要求本行数据（即这三个字段的值）完全一致，才会去掉重复项
    - `select id,sname,class_id from stu where class_id between 1 and 3;`//查询class_id在1到3之间的
    - `select * from stu where sname like '%杨%';`//查询名字里包含杨字的。%代替任意长度的任意字符，_代替1个任意字符

- 5.聚集函数的使用

  - | 聚集函数                      | 功能                                                         |
    | ----------------------------- | ------------------------------------------------------------ |
    | COUNT(*)                      | 统计元组个数（其实就是行数）                                 |
    | COUNT([DISTINCT\|ALL] <列名>) | 统计一列中值的个数（这一列里有多少个值，distinct去掉重复项）  <br />备注：null值不论disctinct 还是all 都不会计入 |
    | SUM([DISTINCT\|ALL] <列名>)   | 计算一列值的总和（此列必须是数值型）                         |
    | AVG([DISTINCT\|ALL] <列名>)   | 计算一列值的平均值（此列必须是数值型）                       |
    | MAX([DISTINCT\|ALL] <列名>)   | 求一列值中的最大值                                           |
    | MIN([DISTINCT\|ALL] <列名>)   | 求一列值中的最小值                                           |

  - ```
    select count(class_id) from stu;
    select count(distinct class_id) from stu;
    ```

- 6.分组查询

  - group by 分组，如果要进行筛选，使用having。注意group by 后边的筛选条件不能用where，得用having

  - ```
    select class_id from stu group by class_id;//按class_id进行分组
    ```

  - ```sql
    select class_id from stu group by class_id having class_id=2;
    ```

- 7.连接

  - 表自己跟自己连，或者两种表连，都是可以的

  - select * :笛卡尔积

    - ```
      select * from lesson as les,stu_lesson as sl;
      ```

    - 两张表的笛卡尔积，一张表4行，一张表7行，结果就是一共28行

  - 内连接：笛卡尔积加上where条件（跟inner join   on是一个效果）

    - ```
      select * from stu_lesson as sl,lesson as l where sl.lesson_id =l.id;
      ```

    - 只对sl.lesson_id =l.id的行进行笛卡尔连接。左表和右表中没有对应上的行，都会舍弃

  - 外连接（不能用where要用on）

    - 左外连接（左边这张表所有的行都要显示出来，左表里跟右边没对应上的行，就把右表的相关字段置空）

    - ```
      select * from edu_course as ec left join edu_course_description as ecd on ec.id=ecd.id;
      ```

    - 右外连接（右边这张表所有的行都要显示出来，右表里跟左边没对应上的行，就把左表的相关字段置空）

- 8.多表查询

  - 其实就是多张表的连接而已

- 8.集合查询

- 9.带exsits的子查询

- 10.带有any all的子查询



# redis

- nosql数据库，只存k-v（即键值对）形式

- k就是一个字符串string

- v有5种格式：

  - 字符串string类型
  - hash Map（哈希映射）
  - List：链表（数组）
  - set：没有重复元素
  - zset：有序集合

- 第一种格式：string key对应 string v

  - k1就是这个key。或者理解为 k1就是一个string 变量

  - ```
    127.0.0.1:6379> set k1 v1     //增
    OK
    127.0.0.1:6379> get k1        //查
    "v1"
    127.0.0.1:6379> set k1 vv1    //改
    OK
    127.0.0.1:6379> get k1       
    "vv1"
    127.0.0.1:6379> del k1        //删
    (integer) 1   //删除成功
    127.0.0.1:6379> get k1        
    (nil)		  //可以看到把该key及对应value删除以后，再查该 key就返回null了
    
    127.0.0.1:6379> mset k1 v1 k2 v2  //批量设置（一次设置好几个k-v）
    OK
    127.0.0.1:6379> mget k1 k2        //批量查
    1) "v1"
    2) "v2"
    127.0.0.1:6379>
    ```

  - ![image-20210419110044172](http://pichost.yangyadong.site/img/image-20210419110044172.png)

- 第二种格式：string key对应 hash_map v

  - h1就是这个string key。（name、age等等，那是hash_map的key）。或者理解为h1就是hash_map变量

  - ```
    127.0.0.1:6379> hset h1 name liming     //增
    (integer) 1
    127.0.0.1:6379> hget h1 name            //查
    "liming"
    127.0.0.1:6379> hset h1 name li          //改
    (integer) 0
    127.0.0.1:6379> hmset h1 name li age 11    //h1对应一个hash表，因此hash表里肯定可以不止一个字段。设置多个字段
    OK
    127.0.0.1:6379> hgetall h1				//查出string key h1对应的hash表的全部内容
    1) "name"
    2) "li"
    3) "age"
    4) "11"
    127.0.0.1:6379> hdel h1 age  //删除string key对应的hash表中的age字段（字段其实就是hash表里的一个key）
    (integer) 1
    127.0.0.1:6379> hgetall h1
    1) "name"					//可以看到，只有name了，它的值是li
    2) "li"
    127.0.0.1:6379> del h1  //将整个hash表包括这个key都删除了
    ```

  - ![image-20210419105940534](http://pichost.yangyadong.site/img/image-20210419105940534.png)

- 第三种格式：string key对应 list v

  - L1就是这个string key，或者理解为L1就是一个链表变量

  - ```
    127.0.0.1:6379> lpush L1 v1  //将v1 push进链表L1
    (integer) 1
    127.0.0.1:6379> lpush L1 v2 v3    //将v2 v3 push进链表L1
    (integer) 3
    127.0.0.1:6379> lrange L1 0 -1    //输出链表L1中的全部内容
    1) "v3"
    2) "v2"
    3) "v1"
    127.0.0.1:6379> lpop L1  //从链表L1弹出一个元素
    "v3"
    127.0.0.1:6379> lrange L1 0 -1
    1) "v2"
    2) "v1"
    127.0.0.1:6379>
    ```

  - ![image-20210419110004580](http://pichost.yangyadong.site/img/image-20210419110004580.png)

- 第四种格式：string key对应 set v

  - S1就是这个string key，或者理解为S1就是一个set变量

  - ```
    127.0.0.1:6379> sadd S1 v1    //向集合S1中添加元素v1
    (integer) 1
    127.0.0.1:6379> smembers S1    //查看集合中所有元素
    1) "v1"
    127.0.0.1:6379> sadd S1 v2
    (integer) 1
    127.0.0.1:6379> smembers S1
    1) "v2"
    2) "v1"
    127.0.0.1:6379> sadd S1 v2
    (integer) 0   //可以看到添加成功了0个元素，因为v2已经存在于集合中了
    127.0.0.1:6379>
    ```

  - ![image-20210419110017996](http://pichost.yangyadong.site/img/image-20210419110017996.png)

- 第五种格式：不讲了

- redis的特点：

  - 查询速度极快，因为它是存储在内存中的键值对，它没有磁盘的IO（多路IO复用）
    - Redis的所有数据都是保存在内存中，然后不定期的通过异步方式保存到磁盘上。所以 redis 具有快速和数据持久化的特征。如果不将数据放在内存中，磁盘 I/O 速度会严重影响 redis 的性能。
  - 但是特别依赖于key来查询，导致它只能做一些缓存，或者说做一些不依赖于复杂查询的k-v存储

- redis的订阅发布：

  - 可以理解为一个消息队列
  - subscribe 订阅一个主题或者说是一个channel
  - 客户端A订阅了test这个channel
    - ![image-20210419110736983](http://pichost.yangyadong.site/img/image-20210419110736983.png)
    - 它会阻塞在这里，等待消息
  - 客户端B往test这个channel上发布信息
    - ![image-20210419110826605](http://pichost.yangyadong.site/img/image-20210419110826605.png)
  - 客户端A就收到了这个消息
    - ![image-20210419110854476](http://pichost.yangyadong.site/img/image-20210419110854476.png)
    - 收到了一条message，是test这个channel上的，消息内容是hhahahaha
  - 

